Prepayment schedule as at,,Oct-24,,,,,,,,,,,,,
,,,,,,,,,,,,,,,
Items,Invoice number,Invoice amount,Jan-24,Feb-24,Mar-24,Apr-24,May-24,Jun-24,Jul-24,Aug-24,Sep-24,Oct-24,Nov-24,Dec-24,Balance
Webhosting,46248,10000,-833.3333333,-833.3333333,-833.3333333,-833.3333333,-833.3333333,-833.3333333,-833.3333333,-833.3333333,-833.3333333,-833.3333333,-833.3333333,-833.3333333,1666.666667
Insurance,89017,1200,,,,-100,-100,-100,-100,-100,-100,-100,-100,-100,500
,,,,,,,,,,,,,,Balance,2166.666667